--
-- PostgreSQL database dump
--

\restrict zhiCKMnWaBmCwRBRWOxZQehkit8GGqqWvwpntqEmz9y5XJ30vSQhv0K8x4oAwAc

-- Dumped from database version 17.10 (Homebrew)
-- Dumped by pg_dump version 17.10 (Homebrew)

SET statement_timeout = 0;
SET lock_timeout = 0;
SET idle_in_transaction_session_timeout = 0;
SET transaction_timeout = 0;
SET client_encoding = 'UTF8';
SET standard_conforming_strings = on;
SELECT pg_catalog.set_config('search_path', '', false);
SET check_function_bodies = false;
SET xmloption = content;
SET client_min_messages = warning;
SET row_security = off;

--
-- Name: pgcrypto; Type: EXTENSION; Schema: -; Owner: -
--

CREATE EXTENSION IF NOT EXISTS pgcrypto WITH SCHEMA public;


--
-- Name: EXTENSION pgcrypto; Type: COMMENT; Schema: -; Owner: 
--

COMMENT ON EXTENSION pgcrypto IS 'cryptographic functions';


SET default_tablespace = '';

SET default_table_access_method = heap;

--
-- Name: auctions; Type: TABLE; Schema: public; Owner: karthikselvam
--

CREATE TABLE public.auctions (
    id uuid DEFAULT gen_random_uuid() NOT NULL,
    owner_id uuid NOT NULL,
    title text NOT NULL,
    description text NOT NULL,
    image_key text NOT NULL,
    starting_price numeric(12,2) NOT NULL,
    current_price numeric(12,2) NOT NULL,
    reserve_price numeric(12,2) NOT NULL,
    start_time timestamp without time zone NOT NULL,
    end_time timestamp without time zone NOT NULL,
    status text DEFAULT 'ACTIVE'::text NOT NULL,
    created_at timestamp without time zone DEFAULT now() NOT NULL,
    updated_at timestamp without time zone DEFAULT now() NOT NULL,
    highest_bidder_id uuid
);


ALTER TABLE public.auctions OWNER TO karthikselvam;

--
-- Name: bids; Type: TABLE; Schema: public; Owner: karthikselvam
--

CREATE TABLE public.bids (
    id uuid DEFAULT gen_random_uuid() NOT NULL,
    auction_id uuid NOT NULL,
    user_id uuid NOT NULL,
    amount numeric(12,2) NOT NULL,
    created_at timestamp without time zone DEFAULT now() NOT NULL
);


ALTER TABLE public.bids OWNER TO karthikselvam;

--
-- Name: users; Type: TABLE; Schema: public; Owner: karthikselvam
--

CREATE TABLE public.users (
    id uuid DEFAULT gen_random_uuid() NOT NULL,
    email character varying(255) NOT NULL,
    password_hash text,
    name character varying(100) NOT NULL,
    created_at timestamp with time zone DEFAULT now() NOT NULL,
    updated_at timestamp with time zone DEFAULT now() NOT NULL,
    role character varying(20) DEFAULT 'user'::character varying,
    provider text DEFAULT 'local'::text NOT NULL,
    provider_id text,
    avatar_url text
);


ALTER TABLE public.users OWNER TO karthikselvam;

--
-- Data for Name: auctions; Type: TABLE DATA; Schema: public; Owner: karthikselvam
--

COPY public.auctions (id, owner_id, title, description, image_key, starting_price, current_price, reserve_price, start_time, end_time, status, created_at, updated_at, highest_bidder_id) FROM stdin;
7cd4cef6-f884-472a-b6da-10e754f0e71d	df89edc7-5ed1-4592-a997-53416dec3428	welcoem	This category deals with the basics of SQL. It covers select and where clauses, case expressions, unions, and a few other odds and ends. If you're already educated in SQL you will probably find these exercises fairly easy. If not, you should find them a good point to start learning for the more difficult categories ahead!	users/df89edc7-5ed1-4592-a997-53416dec3428/Gemini_Generated_Image_z57sf3z57sf3z57s.png	1000.00	1000.00	15000.00	2026-06-16 13:37:42.511	2026-07-16 13:37:00	ACTIVE	2026-06-16 13:37:42.533169	2026-06-16 13:37:42.533169	\N
37cec280-eab9-499a-aff9-cceb31a5f89d	df89edc7-5ed1-4592-a997-53416dec3428	welcome	This category deals with the basics of SQL. It covers select and where clauses, case expressions, unions, and a few other odds and ends. If you're already educated in SQL you will probably find these exercises fairly easy. If not, you should find them a good point to start learning for the more difficult categories ahead!	users/df89edc7-5ed1-4592-a997-53416dec3428/Gemini_Generated_Image_z57sf3z57sf3z57s.png	1000.00	1000.00	15000.00	2026-06-16 13:39:04.317	2026-07-16 13:38:00	ACTIVE	2026-06-16 13:39:04.337279	2026-06-16 13:39:04.337279	\N
49da038c-05e5-44a2-aa0b-12f7a5ff7bd9	df89edc7-5ed1-4592-a997-53416dec3428	welcome	This category deals with the basics of SQL. It covers select and where clauses, case expressions, unions, and a few other odds and ends. If you're already educated in SQL you will probably find these exercises fairly easy. If not, you should find them a good point to start learning for the more difficult categories ahead!	users/df89edc7-5ed1-4592-a997-53416dec3428/Gemini_Generated_Image_z57sf3z57sf3z57s.png	1000.00	1000.00	15000.00	2026-06-16 13:42:14.607	2026-07-16 13:38:00	ACTIVE	2026-06-16 13:42:14.660368	2026-06-16 13:42:14.660368	\N
180753b5-e5b0-41ae-a85b-5f1ca4c17c43	4c06337f-5f6d-4963-a2dc-30b3390d70fb	another bid from user jaya	this is another bid from jaya so we will see whether its created or not	users/4c06337f-5f6d-4963-a2dc-30b3390d70fb/IMG_20240329_083838750.jpg	15000.00	21400.00	99997.00	2026-06-17 09:14:21.32	2026-08-07 13:34:00	ACTIVE	2026-06-17 09:14:21.346764	2026-06-17 09:14:21.346764	5a0c71a6-3015-401b-aec8-0b5ea568b6e3
2c1283fa-e1e6-4fcb-99d8-08bb2d8cb134	df89edc7-5ed1-4592-a997-53416dec3428	Another bid	another test myslef that token i snot valid	users/df89edc7-5ed1-4592-a997-53416dec3428/Screenshot 2025-01-06 at 11.01.56 AM.png	25000.00	53500.00	125000.00	2026-06-16 16:11:12.928	2026-06-20 16:10:00	ACTIVE	2026-06-16 16:11:12.949923	2026-06-16 16:11:12.949923	4c06337f-5f6d-4963-a2dc-30b3390d70fb
\.


--
-- Data for Name: bids; Type: TABLE DATA; Schema: public; Owner: karthikselvam
--

COPY public.bids (id, auction_id, user_id, amount, created_at) FROM stdin;
7a0aa6e8-eeef-4734-a386-ac50bd60b635	2c1283fa-e1e6-4fcb-99d8-08bb2d8cb134	4c06337f-5f6d-4963-a2dc-30b3390d70fb	25500.00	2026-06-17 16:27:53.424955
39e21e6b-114b-4973-8e3c-12b806f07eec	2c1283fa-e1e6-4fcb-99d8-08bb2d8cb134	4c06337f-5f6d-4963-a2dc-30b3390d70fb	25600.00	2026-06-17 16:28:01.545463
e232e15e-0923-4bf0-8520-056b77501199	2c1283fa-e1e6-4fcb-99d8-08bb2d8cb134	4c06337f-5f6d-4963-a2dc-30b3390d70fb	26000.00	2026-06-17 16:36:06.542387
7c4b50f8-ae5b-4a51-ad99-87fe43789429	2c1283fa-e1e6-4fcb-99d8-08bb2d8cb134	4c06337f-5f6d-4963-a2dc-30b3390d70fb	26111.00	2026-06-17 16:39:52.799788
e113e21c-b5fc-46bb-9375-ceb70108af4d	2c1283fa-e1e6-4fcb-99d8-08bb2d8cb134	4c06337f-5f6d-4963-a2dc-30b3390d70fb	26211.00	2026-06-17 16:40:46.605439
bab7d122-8164-43fe-b177-d307de71c18f	2c1283fa-e1e6-4fcb-99d8-08bb2d8cb134	4c06337f-5f6d-4963-a2dc-30b3390d70fb	30000.00	2026-06-17 17:13:43.870901
fc57ced9-d49e-4229-acad-e11e2883b603	2c1283fa-e1e6-4fcb-99d8-08bb2d8cb134	4c06337f-5f6d-4963-a2dc-30b3390d70fb	30300.00	2026-06-17 17:13:43.870673
f8144e80-141a-449d-adc6-29c848a4b15b	2c1283fa-e1e6-4fcb-99d8-08bb2d8cb134	4c06337f-5f6d-4963-a2dc-30b3390d70fb	30600.00	2026-06-17 17:13:43.870771
78453fe4-d0cf-4d70-ab36-089411f1ec10	2c1283fa-e1e6-4fcb-99d8-08bb2d8cb134	4c06337f-5f6d-4963-a2dc-30b3390d70fb	31500.00	2026-06-17 17:13:43.89056
7a661def-1531-46a4-b73f-bc89dd76cb6a	2c1283fa-e1e6-4fcb-99d8-08bb2d8cb134	4c06337f-5f6d-4963-a2dc-30b3390d70fb	31900.00	2026-06-17 17:13:43.892833
a64f3ea5-d515-412a-9c46-ea0e053764bf	2c1283fa-e1e6-4fcb-99d8-08bb2d8cb134	4c06337f-5f6d-4963-a2dc-30b3390d70fb	32700.00	2026-06-17 17:13:43.895726
3488f401-1455-44e3-a027-6f38e707c921	2c1283fa-e1e6-4fcb-99d8-08bb2d8cb134	4c06337f-5f6d-4963-a2dc-30b3390d70fb	32800.00	2026-06-17 17:13:43.895996
695bdd7f-ac5a-4aae-bde1-607f52225368	2c1283fa-e1e6-4fcb-99d8-08bb2d8cb134	4c06337f-5f6d-4963-a2dc-30b3390d70fb	32900.00	2026-06-17 17:13:43.897366
68add297-e1f6-4cb5-a76c-855390eff54b	2c1283fa-e1e6-4fcb-99d8-08bb2d8cb134	4c06337f-5f6d-4963-a2dc-30b3390d70fb	33000.00	2026-06-17 17:13:43.897577
4ff0388b-1efb-4fbe-b1f7-5dd1904e1816	2c1283fa-e1e6-4fcb-99d8-08bb2d8cb134	4c06337f-5f6d-4963-a2dc-30b3390d70fb	33100.00	2026-06-17 17:13:43.897832
256b1a80-0bd5-405e-990a-54995d4bca60	2c1283fa-e1e6-4fcb-99d8-08bb2d8cb134	4c06337f-5f6d-4963-a2dc-30b3390d70fb	33200.00	2026-06-17 17:13:43.898006
06642168-0c58-41a8-99eb-e12eaa376ed2	2c1283fa-e1e6-4fcb-99d8-08bb2d8cb134	4c06337f-5f6d-4963-a2dc-30b3390d70fb	33300.00	2026-06-17 17:13:43.898181
91fd4648-f0a6-42f6-832b-76fca07fd01c	2c1283fa-e1e6-4fcb-99d8-08bb2d8cb134	4c06337f-5f6d-4963-a2dc-30b3390d70fb	33400.00	2026-06-17 17:13:43.898359
817f4fba-c282-46fd-92db-13be6ea1ec2f	2c1283fa-e1e6-4fcb-99d8-08bb2d8cb134	4c06337f-5f6d-4963-a2dc-30b3390d70fb	33500.00	2026-06-17 17:13:43.898525
116f3c82-1325-415b-9605-2d5b98819bdd	2c1283fa-e1e6-4fcb-99d8-08bb2d8cb134	4c06337f-5f6d-4963-a2dc-30b3390d70fb	33600.00	2026-06-17 17:13:43.898796
f47b719c-0b0c-45a4-865a-7a8122df4828	2c1283fa-e1e6-4fcb-99d8-08bb2d8cb134	4c06337f-5f6d-4963-a2dc-30b3390d70fb	33700.00	2026-06-17 17:13:43.899072
1dbb8343-63f4-462f-8244-88201358dfa1	2c1283fa-e1e6-4fcb-99d8-08bb2d8cb134	4c06337f-5f6d-4963-a2dc-30b3390d70fb	33800.00	2026-06-17 17:13:43.899734
881d1e8b-7703-47e0-9b6d-721f8dc7a978	2c1283fa-e1e6-4fcb-99d8-08bb2d8cb134	4c06337f-5f6d-4963-a2dc-30b3390d70fb	33900.00	2026-06-17 17:13:43.9004
b5f8f34a-97bc-4f07-97b4-5353535c7b28	2c1283fa-e1e6-4fcb-99d8-08bb2d8cb134	4c06337f-5f6d-4963-a2dc-30b3390d70fb	34000.00	2026-06-17 17:13:43.901886
a619c693-ff1e-4582-bcec-43ef16275d97	2c1283fa-e1e6-4fcb-99d8-08bb2d8cb134	4c06337f-5f6d-4963-a2dc-30b3390d70fb	34100.00	2026-06-17 17:13:43.902509
687645e6-21f8-4f97-8d92-0860bdc45a88	2c1283fa-e1e6-4fcb-99d8-08bb2d8cb134	4c06337f-5f6d-4963-a2dc-30b3390d70fb	34200.00	2026-06-17 17:13:43.903163
9f89fdbf-a2ff-42ff-ba8d-797b7418df86	2c1283fa-e1e6-4fcb-99d8-08bb2d8cb134	4c06337f-5f6d-4963-a2dc-30b3390d70fb	34400.00	2026-06-17 17:13:43.904178
2012c8d2-161a-4aaf-8f8f-cb9c0b029195	2c1283fa-e1e6-4fcb-99d8-08bb2d8cb134	4c06337f-5f6d-4963-a2dc-30b3390d70fb	34500.00	2026-06-17 17:13:43.90537
a2f09d4a-78fa-4afc-8c8b-8dc2bc270643	2c1283fa-e1e6-4fcb-99d8-08bb2d8cb134	4c06337f-5f6d-4963-a2dc-30b3390d70fb	34600.00	2026-06-17 17:13:43.906586
9354a922-67f8-413b-a159-e0189185693c	2c1283fa-e1e6-4fcb-99d8-08bb2d8cb134	4c06337f-5f6d-4963-a2dc-30b3390d70fb	34700.00	2026-06-17 17:13:43.907351
043d369f-2266-49fb-8901-4957604b9e46	2c1283fa-e1e6-4fcb-99d8-08bb2d8cb134	4c06337f-5f6d-4963-a2dc-30b3390d70fb	34800.00	2026-06-17 17:13:43.908837
0d10ba9b-bc1a-4967-a475-3c4785cd79b0	2c1283fa-e1e6-4fcb-99d8-08bb2d8cb134	4c06337f-5f6d-4963-a2dc-30b3390d70fb	34900.00	2026-06-17 17:13:43.909546
a5d66a57-8f6f-482d-b76f-0dc13cc27458	2c1283fa-e1e6-4fcb-99d8-08bb2d8cb134	4c06337f-5f6d-4963-a2dc-30b3390d70fb	37400.00	2026-06-17 17:16:02.459375
98669347-f67f-4341-b3fa-472189863e67	2c1283fa-e1e6-4fcb-99d8-08bb2d8cb134	4c06337f-5f6d-4963-a2dc-30b3390d70fb	38100.00	2026-06-17 17:16:02.474646
e3365a13-413e-4d06-8d7b-115888cc0465	2c1283fa-e1e6-4fcb-99d8-08bb2d8cb134	4c06337f-5f6d-4963-a2dc-30b3390d70fb	38600.00	2026-06-17 17:16:02.477194
ae277655-cd74-4282-8d80-a6351a48e537	2c1283fa-e1e6-4fcb-99d8-08bb2d8cb134	4c06337f-5f6d-4963-a2dc-30b3390d70fb	39300.00	2026-06-17 17:16:02.479864
5b487f44-df36-4ae6-9130-562191ca2b9f	2c1283fa-e1e6-4fcb-99d8-08bb2d8cb134	4c06337f-5f6d-4963-a2dc-30b3390d70fb	39800.00	2026-06-17 17:16:02.482046
f183d456-890b-48a1-ab75-3e4a516ff544	2c1283fa-e1e6-4fcb-99d8-08bb2d8cb134	4c06337f-5f6d-4963-a2dc-30b3390d70fb	39900.00	2026-06-17 17:16:02.482291
5324442c-7269-4256-b835-3d45a0f85169	2c1283fa-e1e6-4fcb-99d8-08bb2d8cb134	4c06337f-5f6d-4963-a2dc-30b3390d70fb	40000.00	2026-06-17 17:16:02.483558
af8397a2-df60-4e73-a5f3-5e52fef50f12	2c1283fa-e1e6-4fcb-99d8-08bb2d8cb134	4c06337f-5f6d-4963-a2dc-30b3390d70fb	40100.00	2026-06-17 17:16:02.483714
51b95ec8-747c-4fb6-be36-60d5274cc475	2c1283fa-e1e6-4fcb-99d8-08bb2d8cb134	4c06337f-5f6d-4963-a2dc-30b3390d70fb	40200.00	2026-06-17 17:16:02.483887
3d077651-32a9-4a52-9057-95bbff7f8f03	2c1283fa-e1e6-4fcb-99d8-08bb2d8cb134	4c06337f-5f6d-4963-a2dc-30b3390d70fb	40300.00	2026-06-17 17:16:02.484126
081dde25-69a5-4aa8-85fa-021d07bf8d12	2c1283fa-e1e6-4fcb-99d8-08bb2d8cb134	4c06337f-5f6d-4963-a2dc-30b3390d70fb	40400.00	2026-06-17 17:16:02.484332
66eabfb7-26c1-49d0-b0ac-8b244d210af2	2c1283fa-e1e6-4fcb-99d8-08bb2d8cb134	4c06337f-5f6d-4963-a2dc-30b3390d70fb	40500.00	2026-06-17 17:16:02.484507
f35fab65-eeb3-43bc-baac-bae8409577c8	2c1283fa-e1e6-4fcb-99d8-08bb2d8cb134	4c06337f-5f6d-4963-a2dc-30b3390d70fb	40600.00	2026-06-17 17:16:02.484683
51569204-b2ec-44f3-a083-56ae9c401d5b	2c1283fa-e1e6-4fcb-99d8-08bb2d8cb134	4c06337f-5f6d-4963-a2dc-30b3390d70fb	40900.00	2026-06-17 17:16:02.485696
66ba6801-ddbb-495d-bd3f-0b67ab78d0b2	2c1283fa-e1e6-4fcb-99d8-08bb2d8cb134	4c06337f-5f6d-4963-a2dc-30b3390d70fb	41200.00	2026-06-17 17:16:02.489233
d784fef4-98b5-4251-85c7-f6ad21c8a8c9	2c1283fa-e1e6-4fcb-99d8-08bb2d8cb134	4c06337f-5f6d-4963-a2dc-30b3390d70fb	41400.00	2026-06-17 17:16:02.490392
9817700b-e443-41f3-8a14-cf163b62b8dd	2c1283fa-e1e6-4fcb-99d8-08bb2d8cb134	4c06337f-5f6d-4963-a2dc-30b3390d70fb	41600.00	2026-06-17 17:16:02.491583
77599968-1523-469a-869d-b446e4aaa0e6	2c1283fa-e1e6-4fcb-99d8-08bb2d8cb134	4c06337f-5f6d-4963-a2dc-30b3390d70fb	41800.00	2026-06-17 17:16:02.492722
924da4c8-ff21-4d9d-bfa8-32cfe616e7a5	2c1283fa-e1e6-4fcb-99d8-08bb2d8cb134	4c06337f-5f6d-4963-a2dc-30b3390d70fb	41900.00	2026-06-17 17:16:02.493061
3f1191ea-e31d-4e4c-b24e-3283b4b061c3	2c1283fa-e1e6-4fcb-99d8-08bb2d8cb134	4c06337f-5f6d-4963-a2dc-30b3390d70fb	45300.00	2026-06-17 17:18:32.158899
5511abe5-df70-4a64-a9eb-ab4077ec866d	2c1283fa-e1e6-4fcb-99d8-08bb2d8cb134	4c06337f-5f6d-4963-a2dc-30b3390d70fb	45400.00	2026-06-17 17:18:32.158003
9009b1b2-eba4-4058-8dc3-1b1e0e53437f	2c1283fa-e1e6-4fcb-99d8-08bb2d8cb134	4c06337f-5f6d-4963-a2dc-30b3390d70fb	45600.00	2026-06-17 17:18:32.157911
c9fd791c-7fa2-4390-ad13-b7aff856c985	2c1283fa-e1e6-4fcb-99d8-08bb2d8cb134	4c06337f-5f6d-4963-a2dc-30b3390d70fb	45700.00	2026-06-17 17:18:32.165714
88120adb-28f0-493d-9b00-43c84c170b03	2c1283fa-e1e6-4fcb-99d8-08bb2d8cb134	4c06337f-5f6d-4963-a2dc-30b3390d70fb	45900.00	2026-06-17 17:18:32.166468
e7aa9b01-7495-43d4-99ac-8def9e692f15	2c1283fa-e1e6-4fcb-99d8-08bb2d8cb134	4c06337f-5f6d-4963-a2dc-30b3390d70fb	46000.00	2026-06-17 17:18:32.17207
0c6fcb9f-f264-4530-b825-aa3537dfb66d	2c1283fa-e1e6-4fcb-99d8-08bb2d8cb134	4c06337f-5f6d-4963-a2dc-30b3390d70fb	46100.00	2026-06-17 17:18:32.173247
ad8c298a-362e-4c84-a815-ad22616c8bc0	2c1283fa-e1e6-4fcb-99d8-08bb2d8cb134	4c06337f-5f6d-4963-a2dc-30b3390d70fb	46200.00	2026-06-17 17:18:32.174857
6e83ece9-ec2b-47f0-884f-9cb498b19fac	2c1283fa-e1e6-4fcb-99d8-08bb2d8cb134	4c06337f-5f6d-4963-a2dc-30b3390d70fb	46300.00	2026-06-17 17:18:32.175141
5b96e8e9-9af4-4e7e-98d5-9392afc7b95b	2c1283fa-e1e6-4fcb-99d8-08bb2d8cb134	4c06337f-5f6d-4963-a2dc-30b3390d70fb	46400.00	2026-06-17 17:18:32.176074
52d3000a-b22c-4010-a17c-501d0143aea9	2c1283fa-e1e6-4fcb-99d8-08bb2d8cb134	4c06337f-5f6d-4963-a2dc-30b3390d70fb	46500.00	2026-06-17 17:18:32.176282
4cfe404f-2dec-4886-9396-8be1d30e1adc	2c1283fa-e1e6-4fcb-99d8-08bb2d8cb134	4c06337f-5f6d-4963-a2dc-30b3390d70fb	46600.00	2026-06-17 17:18:32.177126
e6e33314-aaaa-4143-a08c-20f428a57425	2c1283fa-e1e6-4fcb-99d8-08bb2d8cb134	4c06337f-5f6d-4963-a2dc-30b3390d70fb	46700.00	2026-06-17 17:18:32.177335
5a844dc5-8e0a-4763-95a3-e5a10dc3da74	2c1283fa-e1e6-4fcb-99d8-08bb2d8cb134	4c06337f-5f6d-4963-a2dc-30b3390d70fb	46800.00	2026-06-17 17:18:32.178336
c415d8e6-ed3f-4c5e-82af-107eaf98822a	2c1283fa-e1e6-4fcb-99d8-08bb2d8cb134	4c06337f-5f6d-4963-a2dc-30b3390d70fb	46900.00	2026-06-17 17:18:32.178596
a9914bdd-22ca-417f-bc37-7a2a998cc6d0	2c1283fa-e1e6-4fcb-99d8-08bb2d8cb134	4c06337f-5f6d-4963-a2dc-30b3390d70fb	47000.00	2026-06-17 17:18:32.179233
3c168d5a-2e8e-4805-a729-5bad4c5d6f2f	2c1283fa-e1e6-4fcb-99d8-08bb2d8cb134	4c06337f-5f6d-4963-a2dc-30b3390d70fb	47100.00	2026-06-17 17:18:32.179896
a2eea7c6-c36a-4602-b519-932d72152fd4	2c1283fa-e1e6-4fcb-99d8-08bb2d8cb134	4c06337f-5f6d-4963-a2dc-30b3390d70fb	47200.00	2026-06-17 17:18:32.180778
fe534e38-3609-47d7-b88f-c4f40586e906	2c1283fa-e1e6-4fcb-99d8-08bb2d8cb134	4c06337f-5f6d-4963-a2dc-30b3390d70fb	47300.00	2026-06-17 17:18:32.181737
b7e8f0b8-fb7e-408c-947e-f5be33beec62	2c1283fa-e1e6-4fcb-99d8-08bb2d8cb134	4c06337f-5f6d-4963-a2dc-30b3390d70fb	47400.00	2026-06-17 17:18:32.18234
9c837c23-1fb6-43b9-9f07-1c622d984f03	2c1283fa-e1e6-4fcb-99d8-08bb2d8cb134	4c06337f-5f6d-4963-a2dc-30b3390d70fb	47500.00	2026-06-17 17:18:32.183187
85ff21b4-0f36-4458-be71-fe78d7a02f92	2c1283fa-e1e6-4fcb-99d8-08bb2d8cb134	4c06337f-5f6d-4963-a2dc-30b3390d70fb	47600.00	2026-06-17 17:18:32.18378
01ee4978-83a8-4847-a769-4d40c5b573eb	2c1283fa-e1e6-4fcb-99d8-08bb2d8cb134	4c06337f-5f6d-4963-a2dc-30b3390d70fb	47700.00	2026-06-17 17:18:32.184678
bc9fdd36-4b3c-4980-91fc-6fcd8b570524	2c1283fa-e1e6-4fcb-99d8-08bb2d8cb134	4c06337f-5f6d-4963-a2dc-30b3390d70fb	47800.00	2026-06-17 17:18:32.185246
a3ff3910-a492-4c4f-bebc-951b4062599b	2c1283fa-e1e6-4fcb-99d8-08bb2d8cb134	4c06337f-5f6d-4963-a2dc-30b3390d70fb	47900.00	2026-06-17 17:18:32.186076
5f01caf8-f82e-4888-8dce-132be1db614b	2c1283fa-e1e6-4fcb-99d8-08bb2d8cb134	4c06337f-5f6d-4963-a2dc-30b3390d70fb	48000.00	2026-06-17 17:18:32.186666
86474322-5031-4dcd-9d63-bd468ca61e59	2c1283fa-e1e6-4fcb-99d8-08bb2d8cb134	4c06337f-5f6d-4963-a2dc-30b3390d70fb	48100.00	2026-06-17 17:18:32.187244
b6627972-f5d3-4b47-a4fe-ca630ab824d3	2c1283fa-e1e6-4fcb-99d8-08bb2d8cb134	4c06337f-5f6d-4963-a2dc-30b3390d70fb	48200.00	2026-06-17 17:18:32.187831
ef63fa59-c8a5-4579-a613-557021c07982	2c1283fa-e1e6-4fcb-99d8-08bb2d8cb134	4c06337f-5f6d-4963-a2dc-30b3390d70fb	48300.00	2026-06-17 17:18:32.188418
bbe2b84e-1110-434e-b7c9-0e48319960b3	2c1283fa-e1e6-4fcb-99d8-08bb2d8cb134	4c06337f-5f6d-4963-a2dc-30b3390d70fb	48400.00	2026-06-17 17:18:32.188926
bb1a03b6-1b58-435c-b54b-8c3299346e2c	2c1283fa-e1e6-4fcb-99d8-08bb2d8cb134	4c06337f-5f6d-4963-a2dc-30b3390d70fb	48500.00	2026-06-17 17:18:32.189497
dc80d90a-c13b-4f82-80a4-5261cd3ae64b	2c1283fa-e1e6-4fcb-99d8-08bb2d8cb134	4c06337f-5f6d-4963-a2dc-30b3390d70fb	48700.00	2026-06-17 17:18:32.18999
1840bc15-ada1-4085-920a-8043b2d3412b	2c1283fa-e1e6-4fcb-99d8-08bb2d8cb134	4c06337f-5f6d-4963-a2dc-30b3390d70fb	48900.00	2026-06-17 17:18:32.190953
afafe1f7-52a2-49b2-8723-a35a37793d91	2c1283fa-e1e6-4fcb-99d8-08bb2d8cb134	4c06337f-5f6d-4963-a2dc-30b3390d70fb	49000.00	2026-06-17 17:18:32.191985
10a96b1c-285c-4a76-a41f-56715cab068a	2c1283fa-e1e6-4fcb-99d8-08bb2d8cb134	4c06337f-5f6d-4963-a2dc-30b3390d70fb	49200.00	2026-06-17 17:18:32.193054
d0964394-9384-4bf9-9fd4-f3118f503da6	2c1283fa-e1e6-4fcb-99d8-08bb2d8cb134	4c06337f-5f6d-4963-a2dc-30b3390d70fb	49400.00	2026-06-17 17:18:32.194055
0d2d6d23-60cc-4074-8c54-5f7e18986112	2c1283fa-e1e6-4fcb-99d8-08bb2d8cb134	4c06337f-5f6d-4963-a2dc-30b3390d70fb	49600.00	2026-06-17 17:18:32.194961
3d7c41ea-b574-408c-9b95-0c2acc79df82	2c1283fa-e1e6-4fcb-99d8-08bb2d8cb134	4c06337f-5f6d-4963-a2dc-30b3390d70fb	49800.00	2026-06-17 17:18:32.195595
47f453c3-dbef-44de-b18a-b02ad25ac648	2c1283fa-e1e6-4fcb-99d8-08bb2d8cb134	4c06337f-5f6d-4963-a2dc-30b3390d70fb	49900.00	2026-06-17 17:18:32.196218
2c91ac37-9ad6-4a9c-bc9b-b68c61fc7a34	2c1283fa-e1e6-4fcb-99d8-08bb2d8cb134	4c06337f-5f6d-4963-a2dc-30b3390d70fb	51000.00	2026-06-17 17:22:07.980729
bc9c3bc8-53e5-4260-a4aa-268520c11f05	2c1283fa-e1e6-4fcb-99d8-08bb2d8cb134	4c06337f-5f6d-4963-a2dc-30b3390d70fb	52000.00	2026-06-19 12:05:57.531562
53568ce3-7192-4d1b-82e7-aa910ace51cb	2c1283fa-e1e6-4fcb-99d8-08bb2d8cb134	4c06337f-5f6d-4963-a2dc-30b3390d70fb	52300.00	2026-06-19 12:06:08.478359
065be0fe-0dac-41a0-a1f3-8962cc9bc108	2c1283fa-e1e6-4fcb-99d8-08bb2d8cb134	4c06337f-5f6d-4963-a2dc-30b3390d70fb	52400.00	2026-06-19 12:06:26.249926
bad55bf5-912d-45a8-a4f1-a6073b947bbb	180753b5-e5b0-41ae-a85b-5f1ca4c17c43	df89edc7-5ed1-4592-a997-53416dec3428	16000.00	2026-06-19 12:07:29.342613
929e3e5b-6233-45a9-9525-62fe15700416	180753b5-e5b0-41ae-a85b-5f1ca4c17c43	df89edc7-5ed1-4592-a997-53416dec3428	16500.00	2026-06-19 12:07:35.04019
255c7f32-a7f3-40b1-a998-28aefa2113a4	180753b5-e5b0-41ae-a85b-5f1ca4c17c43	df89edc7-5ed1-4592-a997-53416dec3428	16800.00	2026-06-19 12:07:39.542244
32a812b8-a914-4b82-95f1-b1dbd9176948	180753b5-e5b0-41ae-a85b-5f1ca4c17c43	df89edc7-5ed1-4592-a997-53416dec3428	16900.00	2026-06-19 12:07:43.60401
1d87fba3-e447-41eb-8901-096dba399b63	180753b5-e5b0-41ae-a85b-5f1ca4c17c43	df89edc7-5ed1-4592-a997-53416dec3428	17500.00	2026-06-19 12:07:48.5245
d8cc785f-c053-45c5-b87e-ed910c58481a	180753b5-e5b0-41ae-a85b-5f1ca4c17c43	df89edc7-5ed1-4592-a997-53416dec3428	18000.00	2026-06-19 12:07:53.62806
e3bb8f9a-93a8-4cde-b2c4-2db76ef1d549	180753b5-e5b0-41ae-a85b-5f1ca4c17c43	df89edc7-5ed1-4592-a997-53416dec3428	19000.00	2026-06-19 12:17:33.006657
3f7dff37-a054-4ae5-a2e9-cc6c9ee3a594	180753b5-e5b0-41ae-a85b-5f1ca4c17c43	df89edc7-5ed1-4592-a997-53416dec3428	19200.00	2026-06-19 13:14:22.394907
d313a7a0-6a57-4862-bffb-889f39aeb68f	180753b5-e5b0-41ae-a85b-5f1ca4c17c43	df89edc7-5ed1-4592-a997-53416dec3428	19400.00	2026-06-19 18:00:58.01816
c97d8e0d-fc65-45cb-b9ac-03166479eef1	180753b5-e5b0-41ae-a85b-5f1ca4c17c43	df89edc7-5ed1-4592-a997-53416dec3428	19500.00	2026-06-19 18:01:26.018684
83903a65-4e17-440a-8871-22dcf8a4beca	180753b5-e5b0-41ae-a85b-5f1ca4c17c43	df89edc7-5ed1-4592-a997-53416dec3428	19600.00	2026-06-19 18:02:02.755111
ab3886ae-c551-475c-b12c-f23e1966dfd6	180753b5-e5b0-41ae-a85b-5f1ca4c17c43	df89edc7-5ed1-4592-a997-53416dec3428	19700.00	2026-06-19 18:04:37.07696
58f04aec-8f5c-4231-820a-27ceb5936814	180753b5-e5b0-41ae-a85b-5f1ca4c17c43	df89edc7-5ed1-4592-a997-53416dec3428	19800.00	2026-06-19 18:07:15.188087
81bdef24-4d2c-412a-a707-7bfb73c48697	180753b5-e5b0-41ae-a85b-5f1ca4c17c43	df89edc7-5ed1-4592-a997-53416dec3428	19900.00	2026-06-19 18:36:18.169781
d8907572-1bb2-424c-baaf-5cda47ba285e	180753b5-e5b0-41ae-a85b-5f1ca4c17c43	df89edc7-5ed1-4592-a997-53416dec3428	20000.00	2026-06-19 18:36:29.063747
c1b08eac-7100-41ec-82de-6a54d46e1a5e	180753b5-e5b0-41ae-a85b-5f1ca4c17c43	df89edc7-5ed1-4592-a997-53416dec3428	20100.00	2026-06-19 18:37:15.075857
04a5c6c8-6a5f-4d81-8a99-17f382078f0b	180753b5-e5b0-41ae-a85b-5f1ca4c17c43	df89edc7-5ed1-4592-a997-53416dec3428	20200.00	2026-06-19 18:43:15.092971
b17b26ad-0798-4114-8537-ce58eae7e88b	180753b5-e5b0-41ae-a85b-5f1ca4c17c43	df89edc7-5ed1-4592-a997-53416dec3428	20300.00	2026-06-19 18:50:37.144403
09039b32-adeb-4fc2-99e3-93b3026fa51c	180753b5-e5b0-41ae-a85b-5f1ca4c17c43	df89edc7-5ed1-4592-a997-53416dec3428	20500.00	2026-06-19 18:51:04.616815
c0d536d6-04fa-465c-b0db-9f029fcfdf6f	180753b5-e5b0-41ae-a85b-5f1ca4c17c43	df89edc7-5ed1-4592-a997-53416dec3428	20600.00	2026-06-19 18:53:29.991164
e76f1657-4667-4902-9e30-57b81a2b5fb5	180753b5-e5b0-41ae-a85b-5f1ca4c17c43	df89edc7-5ed1-4592-a997-53416dec3428	20700.00	2026-06-19 18:54:42.638627
18ac1f00-ad1e-4f63-89b1-b518adccb6f7	180753b5-e5b0-41ae-a85b-5f1ca4c17c43	df89edc7-5ed1-4592-a997-53416dec3428	20800.00	2026-06-19 18:56:51.207426
5e36bbc8-287c-422a-830b-e56d6514b646	2c1283fa-e1e6-4fcb-99d8-08bb2d8cb134	4c06337f-5f6d-4963-a2dc-30b3390d70fb	52500.00	2026-06-19 18:57:44.109297
16c00fcd-c906-4bd2-bde1-fee74db464f3	2c1283fa-e1e6-4fcb-99d8-08bb2d8cb134	4c06337f-5f6d-4963-a2dc-30b3390d70fb	52600.00	2026-06-19 19:03:23.265006
186524c3-eb93-43e0-aac9-cf10ad6fcab3	2c1283fa-e1e6-4fcb-99d8-08bb2d8cb134	5a0c71a6-3015-401b-aec8-0b5ea568b6e3	52700.00	2026-06-19 19:09:59.29147
06f0a16a-4f70-4738-bfac-5ca71c35b3d4	2c1283fa-e1e6-4fcb-99d8-08bb2d8cb134	4c06337f-5f6d-4963-a2dc-30b3390d70fb	52800.00	2026-06-19 19:10:10.506065
72033839-1f59-49e7-92dd-a62f4ebbce29	2c1283fa-e1e6-4fcb-99d8-08bb2d8cb134	4c06337f-5f6d-4963-a2dc-30b3390d70fb	53000.00	2026-06-19 19:10:20.362411
cfd3b932-c681-4842-a58f-2b2b30821f15	2c1283fa-e1e6-4fcb-99d8-08bb2d8cb134	5a0c71a6-3015-401b-aec8-0b5ea568b6e3	53100.00	2026-06-19 19:10:36.321185
c2daf1d9-c595-44cb-9561-ccca599aa53b	2c1283fa-e1e6-4fcb-99d8-08bb2d8cb134	4c06337f-5f6d-4963-a2dc-30b3390d70fb	53200.00	2026-06-19 19:13:16.925424
058e1be5-5c80-4489-b9a0-a46db11be0bc	2c1283fa-e1e6-4fcb-99d8-08bb2d8cb134	4c06337f-5f6d-4963-a2dc-30b3390d70fb	53500.00	2026-06-19 19:13:53.474805
c28156ce-5b1b-4f86-8117-2c17ec52f17d	180753b5-e5b0-41ae-a85b-5f1ca4c17c43	fca8af7c-81b4-4e83-9c42-ed1d284bb5c1	20900.00	2026-06-20 11:23:01.479184
b33dc4d5-9266-402b-98c0-4b1fd7630a17	180753b5-e5b0-41ae-a85b-5f1ca4c17c43	5a0c71a6-3015-401b-aec8-0b5ea568b6e3	21000.00	2026-06-20 13:11:34.039173
0727ac76-19ab-4efd-ad4e-e18ecddb5722	180753b5-e5b0-41ae-a85b-5f1ca4c17c43	5a0c71a6-3015-401b-aec8-0b5ea568b6e3	21200.00	2026-06-20 19:07:31.949462
609776f5-bbbf-4950-84e8-f617f41b646f	180753b5-e5b0-41ae-a85b-5f1ca4c17c43	5a0c71a6-3015-401b-aec8-0b5ea568b6e3	21300.00	2026-06-21 10:17:45.398512
f5818441-525a-4d89-af67-151dfa1c5d49	180753b5-e5b0-41ae-a85b-5f1ca4c17c43	5a0c71a6-3015-401b-aec8-0b5ea568b6e3	21400.00	2026-06-21 10:18:05.13684
\.


--
-- Data for Name: users; Type: TABLE DATA; Schema: public; Owner: karthikselvam
--

COPY public.users (id, email, password_hash, name, created_at, updated_at, role, provider, provider_id, avatar_url) FROM stdin;
df89edc7-5ed1-4592-a997-53416dec3428	leo.gallabox@gmail.com	$2b$10$qyvjRzKMk17pzz6R/khXT.D0b7WRqiXT4qhWpWOlWkRcFbQSqJncy	karthik selvam	2026-06-12 17:19:42.595225+05:30	2026-06-12 17:19:42.595225+05:30	user	local	\N	\N
4c06337f-5f6d-4963-a2dc-30b3390d70fb	jayaroopini.gopal@mangoleap.com	$2b$10$u4BVqK3.ArMWkuia5OwiZ.CBIFkE9cKDOTNxNkGsOGF.xc1q/xD3K	jayaroopini	2026-06-14 13:20:33.570278+05:30	2026-06-14 13:20:33.570278+05:30	user	local	\N	\N
5a0c71a6-3015-401b-aec8-0b5ea568b6e3	arvindhashok112@gmail.com	$2b$10$/0LYVaAfNWCTLlcebywqdekduuTR/zwtMgXpODeNj6fVh7nHsks3.	arvindh	2026-06-14 13:27:27.699397+05:30	2026-06-14 13:27:27.699397+05:30	user	local	\N	\N
e43a355d-e89f-4f2f-a0f1-c295a3175fd9	mangoleaphq@gmail.com	$2b$10$1qXJOg6C68/ueWk.PKzg8OtB4Eqa1zojKQuVBCS7CVQhrZL4xwUOO	mano raj	2026-06-14 19:51:51.101372+05:30	2026-06-14 19:51:51.101372+05:30	user	local	\N	\N
fca8af7c-81b4-4e83-9c42-ed1d284bb5c1	ashutoshkarthik469@gmail.com	\N	karthik selvam	2026-06-20 11:20:40.528881+05:30	2026-06-20 11:20:40.528881+05:30	user	google	103717738403868446014	https://lh3.googleusercontent.com/a/ACg8ocJisrouI4IbUVWZ4lE5HUd1_lKLpoGlv7CxrsKDqYFiKcCgl39T=s96-c
\.


--
-- Name: auctions auctions_pkey; Type: CONSTRAINT; Schema: public; Owner: karthikselvam
--

ALTER TABLE ONLY public.auctions
    ADD CONSTRAINT auctions_pkey PRIMARY KEY (id);


--
-- Name: bids bids_pkey; Type: CONSTRAINT; Schema: public; Owner: karthikselvam
--

ALTER TABLE ONLY public.bids
    ADD CONSTRAINT bids_pkey PRIMARY KEY (id);


--
-- Name: users users_email_key; Type: CONSTRAINT; Schema: public; Owner: karthikselvam
--

ALTER TABLE ONLY public.users
    ADD CONSTRAINT users_email_key UNIQUE (email);


--
-- Name: users users_pkey; Type: CONSTRAINT; Schema: public; Owner: karthikselvam
--

ALTER TABLE ONLY public.users
    ADD CONSTRAINT users_pkey PRIMARY KEY (id);


--
-- Name: auctions auctions_owner_id_fkey; Type: FK CONSTRAINT; Schema: public; Owner: karthikselvam
--

ALTER TABLE ONLY public.auctions
    ADD CONSTRAINT auctions_owner_id_fkey FOREIGN KEY (owner_id) REFERENCES public.users(id);


--
-- Name: bids bids_auction_id_fkey; Type: FK CONSTRAINT; Schema: public; Owner: karthikselvam
--

ALTER TABLE ONLY public.bids
    ADD CONSTRAINT bids_auction_id_fkey FOREIGN KEY (auction_id) REFERENCES public.auctions(id);


--
-- Name: bids bids_user_id_fkey; Type: FK CONSTRAINT; Schema: public; Owner: karthikselvam
--

ALTER TABLE ONLY public.bids
    ADD CONSTRAINT bids_user_id_fkey FOREIGN KEY (user_id) REFERENCES public.users(id);


--
-- PostgreSQL database dump complete
--

\unrestrict zhiCKMnWaBmCwRBRWOxZQehkit8GGqqWvwpntqEmz9y5XJ30vSQhv0K8x4oAwAc

